Alexei ,Alexei,M,M,25,P@ssw0rd123,1
Tom Chan ,TomC,M,M,56,P@ssw0rd123,2
Alica Ang,AlicaA,M,F,27,P@ssw0rd123,3
Mary lee,MaryL,S,F,44,P@ssw0rd123,3
Justin Loh,JustinL,S,M,49,P@ssw0rd123,3
Boss,boss,A,F,62,P@ssw0rd123
hello,kumar,A,M,23,P@ssw0rd123
Chrom,Chro622,S,M,28,P@ssw0rd123,1
Marth,Mart118,S,M,24,P@ssw0rd123,2
Roy,Roy994,S,M,26,P@ssw0rd123,1
Lucina,Luci983,S,F,24,P@ssw0rd123,2
Luigi,Luig831,S,M,30,P@ssw0rd123,1
Mario,Mari304,S,M,23,P@ssw0rd123,2
Robin,Robi169,S,F,22,P@ssw0rd123,1
Samus,Samu530,S,F,40,P@ssw0rd123,1
Sabrina,Sabr963,S,F,34,P@ssw0rd123,1
Erica,Eric473,S,F,38,P@ssw0rd123,1
Ash,Ash214,S,M,20,P@ssw0rd123,3
Gary,Gary278,S,M,26,P@ssw0rd123,1
May,May470,S,F,30,P@ssw0rd123,1
Dawn,Dawn175,S,F,26,P@ssw0rd123,1
Wario,Wari103,M,M,26,P@ssw0rd123,2
Bob,Bob869,S,M,36,P@ssw0rd123,2
Jeff,Jeff238,S,M,37,P@ssw0rd123,2
Lebron James,Leb778,M,M,38,P@ssw0rd123,1
Byleth,byl345,S,M,34,P@ssw0rd123,2
Joshua,jos383,S,M,23,P@ssw0rd123,2
John,joh883,S,M,32,P@ssw0rd123,1
Anakin,anakin123,M,M,23,P@ssw0rd,1
